MAC,Nom,Fabricant,Type,Statut,Dernière détection,Localisation
48-22-54-1C-3B-AF,Dongle USB Wi-Fi,Shenzhen Bilian Electronic,Wi-Fi USB Linux,Connu,2025-06-20,Réseau local
36-80-CE-55-E2-3A,iPhone 12,Apple, Inc.,iPhone,Connu,2025-06-20,Réseau local
3C-A0-67-E9-23-E7,ACER SWIFT / DESKTOP-B1B6591,Hon Hai Precision - Foxconn,PC portable,Connu,2025-06-20,Réseau local
18-B4-30-D9-D5-94,NEST 2 (Disabled),AzureWave Technology,Caméra Nest,Connu,2025-06-20,Maison, zone salon
18-B4-30-DA-FA-B1,Probablement une autre Nest,AzureWave Technology,Caméra Nest,Connu,2025-06-20,Maison, zone entrée
18-B4-30-6A-B0-9D,NEST 1 (Disabled),AzureWave Technology,Caméra Nest,Connu,2025-06-20,Maison, zone bureau
64-16-66-86-E4-9F,NEST SALON,Liteon Technology Corporation,Caméra Nest,Connu,2025-06-20,Maison, zone salon
20-23-51-2B-33-C6,TAPO AVANT / C410,Canon, Inc.,Caméra TP-Link,Connu,2025-06-20,Maison, entrée avant
54:F1:5F:7F:C1:0A,IPTV,Inconnu,Inconnu,Connu,2025-06-20,Salon
3E:3B:88:69:93:1B,IPAD,Inconnu,Inconnu,Connu,2025-06-20,Personnel
F0:09:0D:7D:F0:5F,TAPO ARRIERE,Inconnu,Inconnu,Connu,2025-06-20,Maison, arrière
C8:69:CD:65:F8:BF,APPLE TV CHAMBRE / Chambre,Inconnu,Inconnu,Connu,2025-06-20,Chambre
5E:67:36:BA:05:A5,IPHONE 7,Inconnu,Inconnu,Connu,2025-06-20,Personnel
92:7E:31:F6:C5:F8,IPHONE 7 (différent),Inconnu,Inconnu,Connu,2025-06-20,Personnel
B4:B0:24:3B:84:69,ROUTEUR _gateway,Inconnu,Inconnu,Connu,2025-06-20,Réseau local
60:A4:B7:79:5B:82,TP-Link Corporation (BSSID),Inconnu,Inconnu,Connu,2025-06-20,Réseau local
60:A4:B7:79:5B:83,TP-Link_8469 (BSSID),Inconnu,Inconnu,Connu,2025-06-20,Réseau local
CE-5C-19-BF-47-37,iPad,Apple, Inc.,iPad,Connu,2025-06-20,Personnel
